{"eval_loss": 0.4019277095794678, "eval_model_preparation_time": 0.0027, "eval_accuracy": 0.8895561695098877, "eval_runtime": 240.9306, "eval_samples_per_second": 40.775, "eval_steps_per_second": 5.097}