{"eval_loss": 0.9888213872909546, "eval_model_preparation_time": 0.0026, "eval_accuracy": 0.7900000214576721, "eval_runtime": 3.6123, "eval_samples_per_second": 27.683, "eval_steps_per_second": 3.599}