{"eval_loss": 0.8582139611244202, "eval_model_preparation_time": 0.0032, "eval_accuracy": 0.8199999928474426, "eval_runtime": 4.0936, "eval_samples_per_second": 24.429, "eval_steps_per_second": 3.176}