{"eval_loss": 0.3896614909172058, "eval_model_preparation_time": 0.0027, "eval_accuracy": 0.8933143615722656, "eval_runtime": 247.9115, "eval_samples_per_second": 39.7, "eval_steps_per_second": 4.965}